<?xml version="1.0" encoding="UTF-8"?>
<project-private xmlns="http://www.netbeans.org/ns/project-private/1">
    <editor-bookmarks xmlns="http://www.netbeans.org/ns/editor-bookmarks/2" lastBookmarkId="0"/>
    <open-files xmlns="http://www.netbeans.org/ns/projectui-open-files/2">
        <group>
            <file>file:/D:/17-NTU-1090/Third%20Semester/OOP(Java)/OOP%20Project(Java,Data%20Base)/HospitalManagementSystem/src/hospitalmanagementsystem/GenerateInvoice.java</file>
            <file>file:/D:/17-NTU-1090/Third%20Semester/OOP(Java)/OOP%20Project(Java,Data%20Base)/HospitalManagementSystem/src/hospitalmanagementsystem/PatientMenu2.java</file>
            <file>file:/D:/17-NTU-1090/Third%20Semester/OOP(Java)/OOP%20Project(Java,Data%20Base)/HospitalManagementSystem/src/hospitalmanagementsystem/MenuOFDoctor.java</file>
            <file>file:/D:/17-NTU-1090/Third%20Semester/OOP(Java)/OOP%20Project(Java,Data%20Base)/HospitalManagementSystem/src/hospitalmanagementsystem/MenuOfAdmin.java</file>
            <file>file:/D:/17-NTU-1090/Third%20Semester/OOP(Java)/OOP%20Project(Java,Data%20Base)/HospitalManagementSystem/src/hospitalmanagementsystem/InsertNurseRecord1.java</file>
            <file>file:/D:/17-NTU-1090/Third%20Semester/OOP(Java)/OOP%20Project(Java,Data%20Base)/HospitalManagementSystem/src/hospitalmanagementsystem/UpdatePatientRecord1.java</file>
            <file>file:/D:/17-NTU-1090/Third%20Semester/OOP(Java)/OOP%20Project(Java,Data%20Base)/HospitalManagementSystem/src/hospitalmanagementsystem/RegisterPatient.java</file>
            <file>file:/D:/17-NTU-1090/Third%20Semester/OOP(Java)/OOP%20Project(Java,Data%20Base)/HospitalManagementSystem/src/hospitalmanagementsystem/UpdateDoctorRecord.java</file>
            <file>file:/D:/17-NTU-1090/Third%20Semester/OOP(Java)/OOP%20Project(Java,Data%20Base)/HospitalManagementSystem/src/hospitalmanagementsystem/SearchPatientSingleRecord1.java</file>
            <file>file:/D:/17-NTU-1090/Third%20Semester/OOP(Java)/OOP%20Project(Java,Data%20Base)/HospitalManagementSystem/src/hospitalmanagementsystem/SearchDoctorAllRecord.java</file>
            <file>file:/D:/17-NTU-1090/Third%20Semester/OOP(Java)/OOP%20Project(Java,Data%20Base)/HospitalManagementSystem/src/hospitalmanagementsystem/Invoice.png</file>
            <file>file:/D:/17-NTU-1090/Third%20Semester/OOP(Java)/OOP%20Project(Java,Data%20Base)/HospitalManagementSystem/src/hospitalmanagementsystem/LoginAsAdmin.java</file>
            <file>file:/D:/17-NTU-1090/Third%20Semester/OOP(Java)/OOP%20Project(Java,Data%20Base)/HospitalManagementSystem/src/hospitalmanagementsystem/SearchNurseAllRecord1.java</file>
            <file>file:/D:/17-NTU-1090/Third%20Semester/OOP(Java)/OOP%20Project(Java,Data%20Base)/HospitalManagementSystem/src/hospitalmanagementsystem/InsertDoctorRecord.java</file>
            <file>file:/D:/17-NTU-1090/Third%20Semester/OOP(Java)/OOP%20Project(Java,Data%20Base)/HospitalManagementSystem/src/hospitalmanagementsystem/MenuOFRep.java</file>
            <file>file:/D:/17-NTU-1090/Third%20Semester/OOP(Java)/OOP%20Project(Java,Data%20Base)/HospitalManagementSystem/src/hospitalmanagementsystem/SearchNurseSingleRecord1.java</file>
            <file>file:/D:/17-NTU-1090/Third%20Semester/OOP(Java)/OOP%20Project(Java,Data%20Base)/HospitalManagementSystem/src/hospitalmanagementsystem/NurseMenu1.java</file>
            <file>file:/D:/17-NTU-1090/Third%20Semester/OOP(Java)/OOP%20Project(Java,Data%20Base)/HospitalManagementSystem/src/hospitalmanagementsystem/alex-hockett-366365-unsplash.jpg</file>
            <file>file:/D:/17-NTU-1090/Third%20Semester/OOP(Java)/OOP%20Project(Java,Data%20Base)/HospitalManagementSystem/src/hospitalmanagementsystem/Welcome.java</file>
            <file>file:/D:/17-NTU-1090/Third%20Semester/OOP(Java)/OOP%20Project(Java,Data%20Base)/HospitalManagementSystem/src/hospitalmanagementsystem/SearchPatientAllRecord1.java</file>
            <file>file:/D:/17-NTU-1090/Third%20Semester/OOP(Java)/OOP%20Project(Java,Data%20Base)/HospitalManagementSystem/src/hospitalmanagementsystem/SearchDoctorSingleRecord.java</file>
            <file>file:/D:/17-NTU-1090/Third%20Semester/OOP(Java)/OOP%20Project(Java,Data%20Base)/HospitalManagementSystem/src/hospitalmanagementsystem/UpdateNurserRecord1.java</file>
        </group>
    </open-files>
</project-private>
